{"tfjsVersion":"1.3.1","tmVersion":"2.4.5","packageVersion":"0.8.4-alpha2","packageName":"@teachablemachine/image","timeStamp":"2023-03-21T08:53:54.473Z","userMetadata":{},"modelName":"tm-my-image-model","labels":["zaporoznye","wales","nikolayev","trung-hoa-dan-quoc","lien-bang-tan-nga","nam-ossetia","somaliland","bac-sip","scotland","sahrawi","puntland","odessa","niue","artsakh","lugansk","krym","kosovo","kharlov","greenland","donetsk","dnipropetrovsk","cook","arubu","abkhazia","zimbabwe","zambia","yemen","italia","vietnam","venezuela","vatican","vanuatu","uzbekistan","uruguay","ukraina","uganda","uc","tuvalu","turkmenistan","tunisia","china","cong-hoa-trung-phi","trinidad_tobago","trieu-tien","transnistria","tonga","togo","thuy-si","thuy-dien","tho-nhi-ki","thai-lan","tchad","tay-ban-nha","tanzania","tajikistan","syria","swaziland","suriname","sudan","sri-lanka","somalia","solomon","slovenia","slovakia","cong-hoa-sip","singapore","sierra-leone","seychelles","serbia","senegal","cong-hoa-sec","sao-tome_principe","san-marino","samoa","saint-vincent_grenadines","saint-lucia","saint-kitts_nevis","rwanda","romani","qatar","philippines","phan-lan","phap","peru","paraguay","papua-new-guinea","panama","palestine","palau","pakistan","oman","nam-sudan","nhat","nga","nigeria","niger","nicaragua","new-zealand","nepal","na-uy","nauru","nam-phi","namibia","myanmar","mozambique","montenegro","mong-co","monaco","moldova","micronesia","mexico","mauritius","mauritanie","marshall","maroc","malta","mali","maldives","malaisia","malawi","madagascar","luxembourg","litva","liechtenstein","lybia","liberia","lebanon","lesotho","latvia","lao","kyrgyzstan","kuwait","kiribati","kenya","kazakhstan","jordan","jamaica","israel","ireland","iraq","iran","indonesia","iceland","hy-lap","hungary","honduras","hoa-ki","han-quoc","ha-lan","haiti","guyana","guinee","guinea-xich-dao","guine-bissau","guatemala","gruzia","grenada","ghana","gambia","gabon","fiji","ethiopia","estonia","eritrea","el-salvador","ecuador","duc","dong-timor","dan-mach","cong-hoa-dominicana","dominica","djibouti","cuba","croatia","cotedlvoire","costa-rica","congo-kinshasa","congo-brazzaville","comoros","colombia","chile","cananda","campuchia","cameroon","uae","cape-verde","burundi","burkina-faso","bulgaria","brunei","brasil","bo-dao-nha","botswana","bosna_hercegovina","bolivia","bi","bhutan","benin","belize","belarus","bac-macedonia","barbados","banglades","poland","bahrain","bahamas","india","azerbaijan","armenia","argentina","arapxeut","ao","antigua_barbuda","anh","angola","andorra","algeria","albania","ai-cap","afghanistan"],"imageSize":224}